City_ID,City,Country,Date,Lat,Lng,Max Temp,Humidity,Cloudiness,Wind Speed
0,Inhambane,MZ,2021-10-29 14:46:59,-23.865,35.3833,78.78,50,20,15.99
1,Ushuaia,AR,2021-10-29 14:44:08,-54.8,-68.3,46.02,70,75,31.07
2,Pishin,PK,2021-10-29 14:47:00,30.5803,66.9961,60.15,23,2,4.63
3,Albany,US,2021-10-29 14:44:35,42.6001,-73.9662,51.8,80,1,5.01
4,Katangli,RU,2021-10-29 14:47:00,51.7102,143.2326,33.28,83,0,6.62
5,Bredasdorp,ZA,2021-10-29 14:47:01,-34.5322,20.0403,72.72,49,75,28.77
6,Minas,UY,2021-10-29 14:47:01,-34.3759,-55.2377,75.67,48,4,14.56
7,Hithadhoo,MV,2021-10-29 14:47:02,-0.6,73.0833,83.82,73,37,13.47
8,Pangnirtung,CA,2021-10-29 14:47:02,66.1451,-65.7125,32.0,100,75,8.05
9,Rikitea,PF,2021-10-29 14:47:03,-23.1203,-134.9692,75.07,75,100,18.77
10,Tezu,IN,2021-10-29 14:47:04,27.9167,96.1667,68.2,55,0,4.36
11,Basay,PH,2021-10-29 14:47:04,9.4087,122.64,79.45,85,57,5.75
12,Goma,CD,2021-10-29 14:47:04,-1.6792,29.2228,68.68,83,96,1.54
13,Ulladulla,AU,2021-10-29 14:47:05,-35.35,150.4667,58.1,59,1,10.67
14,Khatanga,RU,2021-10-29 14:47:05,71.9667,102.5,-6.21,91,100,8.32
15,Atuona,PF,2021-10-29 14:43:33,-9.8,-139.0333,77.34,72,100,12.66
16,Fort-Shevchenko,KZ,2021-10-29 14:47:06,44.5086,50.263,51.17,69,81,10.22
17,Busselton,AU,2021-10-29 14:47:06,-33.65,115.3333,49.05,81,0,8.5
18,Carnarvon,AU,2021-10-29 14:43:30,-24.8667,113.6333,66.27,68,0,24.16
19,Lensk,RU,2021-10-29 14:47:06,60.7253,114.9278,16.61,90,10,4.36
20,Kapaa,US,2021-10-29 14:47:07,22.0752,-159.319,73.38,99,75,5.75
21,Olinda,BR,2021-10-29 14:47:07,-8.0089,-34.8553,82.13,69,75,12.66
22,Sao Joao Da Barra,BR,2021-10-29 14:47:08,-21.6403,-41.0511,77.09,84,100,5.55
23,Yicheng,CN,2021-10-29 14:47:08,31.3705,119.8703,61.63,69,98,4.74
24,Myrtle Beach,US,2021-10-29 14:44:58,33.6891,-78.8867,73.09,73,40,14.97
25,Bluff,NZ,2021-10-29 14:47:08,-46.6,168.3333,53.6,90,100,7.65
26,Ribeira Grande,PT,2021-10-29 14:47:09,38.5167,-28.7,72.0,88,40,17.27
27,Lamu,KE,2021-10-29 14:47:09,-2.2717,40.902,84.42,79,6,13.09
28,Tutoia,BR,2021-10-29 14:47:09,-2.7619,-42.2744,91.38,60,72,13.85
29,Ostrovnoy,RU,2021-10-29 14:47:10,68.0531,39.5131,35.04,98,100,11.7
30,Nador,MA,2021-10-29 14:47:10,35.174,-2.9287,82.47,68,20,10.36
31,Bathsheba,BB,2021-10-29 14:47:11,13.2167,-59.5167,86.61,58,20,16.11
32,Minudasht,IR,2021-10-29 14:47:11,37.2289,55.3747,58.57,58,0,4.61
33,Santa Cruz De Tenerife,ES,2021-10-29 14:47:11,28.4682,-16.2546,76.21,72,20,5.01
34,Torbay,CA,2021-10-29 14:45:30,47.6666,-52.7314,42.28,88,90,17.27
35,Airai,TL,2021-10-29 14:47:12,-8.9266,125.4092,63.09,92,95,1.1
36,Horki,BY,2021-10-29 14:47:12,54.2861,30.9842,49.86,90,10,7.81
37,Yate,GB,2021-10-29 14:47:12,51.5407,-2.4184,58.14,76,81,3.0
38,Namibe,AO,2021-10-29 14:47:13,-15.1961,12.1522,73.18,67,99,13.29
39,Punta Arenas,CL,2021-10-29 14:47:13,-53.15,-70.9167,48.31,57,75,16.11
40,Makakilo City,US,2021-10-29 14:46:19,21.3469,-158.0858,73.29,81,20,0.0
41,Bambous Virieux,MU,2021-10-29 14:47:14,-20.3428,57.7575,77.25,78,75,4.61
42,Fare,PF,2021-10-29 14:47:14,-16.7,-151.0167,77.88,77,90,15.57
43,Azoyu,MX,2021-10-29 14:47:14,16.7167,-98.7333,80.96,77,16,1.25
44,Haines Junction,CA,2021-10-29 14:47:15,60.7522,-137.5108,15.75,86,35,2.3
45,Svetlogorsk,BY,2021-10-29 14:47:15,52.6333,29.7333,52.25,86,25,6.71
46,Tautira,PF,2021-10-29 14:47:16,-17.7333,-149.15,68.02,79,61,13.09
47,Peace River,CA,2021-10-29 14:44:35,56.2501,-117.286,29.66,89,75,5.01
48,Naze,JP,2021-10-29 14:48:16,28.3667,129.4833,69.28,69,39,11.81
49,Nikolskoye,RU,2021-10-29 14:48:16,59.7035,30.7861,54.01,80,12,9.33
50,Guerrero Negro,MX,2021-10-29 14:48:17,27.9769,-114.0611,68.5,66,0,2.06
51,Wanxian,CN,2021-10-29 14:48:17,30.8039,108.3897,58.48,93,36,1.74
52,Tuktoyaktuk,CA,2021-10-29 14:48:18,69.4541,-133.0374,24.8,100,90,2.3
53,Clyde River,CA,2021-10-29 14:48:18,70.4692,-68.5914,30.43,100,90,17.27
54,Pisco,PE,2021-10-29 14:48:19,-13.7,-76.2167,67.01,77,100,5.75
55,Hermanus,ZA,2021-10-29 14:48:19,-34.4187,19.2345,67.89,76,98,15.68
56,Aklavik,CA,2021-10-29 14:48:19,68.2191,-135.0107,25.63,95,100,3.29
57,Pekalongan,ID,2021-10-29 14:48:20,-6.8886,109.6753,77.02,84,96,7.23
58,Upernavik,GL,2021-10-29 14:48:20,72.7868,-56.1549,20.05,57,12,5.37
59,Sitka,US,2021-10-29 14:48:20,57.0531,-135.33,42.69,75,90,18.41
60,Mataura,NZ,2021-10-29 14:48:21,-46.1927,168.8643,50.99,94,78,3.27
61,Verkh-Usugli,RU,2021-10-29 14:48:21,52.7,115.1667,21.7,57,7,2.75
62,Avarua,CK,2021-10-29 14:48:22,-21.2078,-159.775,71.65,73,23,5.75
63,Nishihara,JP,2021-10-29 14:48:22,26.1842,127.7558,72.68,76,40,4.61
64,Acapulco,MX,2021-10-29 14:48:22,16.8634,-99.8901,81.7,76,1,1.99
65,Tecoanapa,MX,2021-10-29 14:48:23,16.5167,-98.75,81.99,74,34,2.48
66,Port Alfred,ZA,2021-10-29 14:48:23,-33.5906,26.891,67.19,78,52,22.21
67,Skjervoy,NO,2021-10-29 14:48:23,70.0311,20.9714,41.0,64,100,31.54
68,Hobart,AU,2021-10-29 14:48:24,-42.8794,147.3294,44.46,72,31,4.0
69,Zhigansk,RU,2021-10-29 14:48:24,66.7697,123.3711,-3.24,100,91,3.36
70,Bilibino,RU,2021-10-29 14:48:24,68.0546,166.4372,-12.14,90,99,2.91
71,Egvekinot,RU,2021-10-29 14:48:25,66.3167,-179.1667,-3.14,98,91,2.37
72,Geraldton,AU,2021-10-29 14:48:25,-28.7667,114.6,57.61,77,0,12.66
73,Armacao De Pera,PT,2021-10-29 14:48:26,37.1026,-8.357,67.91,78,100,14.94
74,Castro,BR,2021-10-29 14:48:26,-24.7911,-50.0119,69.91,70,98,4.94
75,Krutinka,RU,2021-10-29 14:48:26,56.0055,71.5113,27.7,67,23,16.2
76,Kerema,PG,2021-10-29 14:48:27,-7.9631,145.7785,75.51,90,100,7.74
77,Provideniya,RU,2021-10-29 14:48:27,64.3833,-173.3,9.03,81,39,4.12
78,Dayong,CN,2021-10-29 14:48:27,25.0209,118.2898,73.89,80,98,1.57
79,Whitehorse,CA,2021-10-29 14:44:46,60.7161,-135.0538,29.01,79,75,15.01
80,Vila,PT,2021-10-29 14:48:28,42.0304,-8.1588,51.33,87,100,8.14
81,Puerto Ayora,EC,2021-10-29 14:48:28,-0.7393,-90.3518,73.36,87,99,10.29
82,Madimba,TZ,2021-10-29 14:48:29,-10.4,40.3333,79.3,68,15,11.99
83,Vaini,TO,2021-10-29 14:48:29,-21.2,-175.2,71.76,100,75,4.61
84,Mayfield,US,2021-10-29 14:48:29,36.7417,-88.6367,57.09,98,90,8.77
85,Padang,ID,2021-10-29 14:48:30,-0.9492,100.3543,78.85,84,99,4.18
86,Norman Wells,CA,2021-10-29 14:48:30,65.282,-126.8329,21.24,93,75,2.3
87,Pevek,RU,2021-10-29 14:48:30,69.7008,170.3133,-0.13,93,100,2.37
88,Sorland,NO,2021-10-29 14:48:31,67.667,12.6934,44.46,93,75,2.3
89,Trelleborg,SE,2021-10-29 14:48:31,55.3751,13.1569,53.94,78,27,13.06
90,Dombarovskiy,RU,2021-10-29 14:49:32,50.7587,59.5386,38.89,86,100,11.72
91,Butaritari,KI,2021-10-29 14:49:32,3.0707,172.7902,82.69,70,2,15.3
92,Hilo,US,2021-10-29 14:45:11,19.7297,-155.09,79.29,63,1,5.75
93,Saint-Philippe,RE,2021-10-29 14:49:33,-21.3585,55.7679,74.75,82,87,8.48
94,Ojinaga,MX,2021-10-29 14:49:33,29.5667,-104.4167,61.75,29,1,10.36
95,Luderitz,NA,2021-10-29 14:49:33,-26.6481,15.1594,67.78,62,0,17.69
96,Beringovskiy,RU,2021-10-29 14:49:34,63.05,179.3167,6.87,88,94,2.64
97,Cape Town,ZA,2021-10-29 14:46:44,-33.9258,18.4232,70.11,74,75,5.01
98,Homer,US,2021-10-29 14:49:34,59.6425,-151.5483,30.09,84,1,3.44
99,Hays,US,2021-10-29 14:49:35,30.0502,-98.0336,62.6,38,0,1.01
100,Trinidad,BO,2021-10-29 14:49:35,-14.8333,-64.9,87.78,66,40,5.75
101,Arraial Do Cabo,BR,2021-10-29 14:49:36,-22.9661,-42.0278,75.06,83,75,8.05
102,Jamestown,US,2021-10-29 14:49:36,42.097,-79.2353,52.02,97,90,11.01
103,Tuatapere,NZ,2021-10-29 14:49:36,-46.1333,167.6833,51.06,96,100,3.85
104,Fort Nelson,CA,2021-10-29 14:45:30,58.8053,-122.7002,22.59,93,75,4.61
105,Singapore,SG,2021-10-29 14:47:21,1.2897,103.8501,84.2,77,75,4.61
106,Severo-Kurilsk,RU,2021-10-29 14:49:37,50.6789,156.125,43.65,95,100,2.26
107,Bethel,US,2021-10-29 14:49:37,41.3712,-73.414,52.68,83,75,1.99
108,Barrow,US,2021-10-29 14:49:38,71.2906,-156.7887,-5.78,84,1,9.22
109,San Cristobal,VE,2021-10-29 14:49:36,7.7669,-72.225,75.38,79,84,4.43
110,Mustasaari,FI,2021-10-29 14:49:38,63.1142,21.6822,49.33,87,0,11.5
111,Brokopondo,SR,2021-10-29 14:49:39,4.75,-55.1667,83.73,65,13,0.2
112,Cherskiy,RU,2021-10-29 14:49:39,68.75,161.3,-16.13,94,89,1.68
113,Ambulu,ID,2021-10-29 14:49:39,-8.345,113.6058,77.32,92,100,2.24
114,Xai-Xai,MZ,2021-10-29 14:49:40,-25.0519,33.6442,72.72,66,11,16.93
115,Mount Pleasant,US,2021-10-29 14:44:46,32.7941,-79.8626,66.11,72,40,1.99
116,Georgetown,MY,2021-10-29 14:45:12,5.4112,100.3354,82.89,88,40,3.0
117,Marrakesh,MA,2021-10-29 14:49:41,31.6315,-8.0083,82.47,36,40,4.61
118,Tocopilla,CL,2021-10-29 14:49:41,-22.092,-70.1979,68.72,66,14,6.11
119,Biak,ID,2021-10-29 14:49:41,-0.9131,122.8766,77.36,83,100,0.72
120,Codrington,AU,2021-10-29 14:49:42,-38.2667,141.9667,43.59,74,43,7.96
121,Baykit,RU,2021-10-29 14:49:42,61.67,96.37,27.84,91,100,8.19
122,Tasiilaq,GL,2021-10-29 14:49:42,65.6145,-37.6368,28.56,75,69,5.59
123,Northam,GB,2021-10-29 14:49:43,51.0333,-4.2167,58.33,76,96,16.64
124,Yellowknife,CA,2021-10-29 14:46:02,62.456,-114.3525,32.41,100,90,5.75
125,East London,ZA,2021-10-29 14:49:44,-33.0153,27.9116,61.74,94,90,14.97
126,Faya,SA,2021-10-29 14:49:44,18.3851,42.4509,71.71,33,96,9.73
127,Yerbogachen,RU,2021-10-29 14:49:44,61.2767,108.0108,19.18,80,99,5.55
128,Dikson,RU,2021-10-29 14:49:45,73.5069,80.5464,8.35,85,100,13.78
129,Te Anau,NZ,2021-10-29 14:49:45,-45.4167,167.7167,48.83,93,86,1.41
130,Tupik,RU,2021-10-29 14:49:46,54.4253,119.9327,22.15,77,61,2.1
131,Koutsouras,GR,2021-10-29 14:49:46,35.0339,25.9469,68.11,69,47,9.91
132,Lethem,GY,2021-10-29 14:49:46,3.3803,-59.7968,90.61,51,58,3.69
133,Arlit,NE,2021-10-29 14:49:47,18.7369,7.3853,99.21,7,24,1.39
134,Chicontepec,MX,2021-10-29 14:49:47,20.9667,-98.1667,66.56,82,100,2.26
135,Kieta,PG,2021-10-29 14:49:47,-6.2167,155.6333,79.16,81,50,3.78
136,Takoradi,GH,2021-10-29 14:49:48,4.8845,-1.7554,83.05,73,92,10.02
137,Tazovskiy,RU,2021-10-29 14:50:48,67.4667,78.7,27.32,97,100,12.37
138,Sharan,RU,2021-10-29 14:50:48,54.8167,54.0,28.44,53,20,2.62
139,San Patricio,US,2021-10-29 14:50:49,28.017,-97.5169,71.92,22,0,16.73
140,Lebu,CL,2021-10-29 14:46:15,-37.6167,-73.65,57.9,72,97,15.97
141,Qaanaaq,GL,2021-10-29 14:50:49,77.484,-69.3632,11.84,72,28,7.92
142,Guapore,BR,2021-10-29 14:50:50,-28.8456,-51.8903,83.39,43,0,3.67
143,Belaya Gora,RU,2021-10-29 14:50:50,68.5333,146.4167,0.25,97,100,3.13
144,Cidreira,BR,2021-10-29 14:50:51,-30.1811,-50.2056,71.55,75,100,17.67
145,Sabang,ID,2021-10-29 14:50:51,5.8933,95.3214,82.08,78,100,14.85
146,Kodiak,US,2021-10-29 14:50:52,57.79,-152.4072,36.7,66,100,8.84
147,Sri Aman,MY,2021-10-29 14:50:52,1.2376,111.4621,78.85,99,100,0.0
148,Petatlan,MX,2021-10-29 14:50:53,17.5167,-101.2667,81.57,78,2,0.49
149,Lata,PT,2021-10-29 14:50:53,40.1629,-8.3327,62.04,93,100,5.86
150,Mahebourg,MU,2021-10-29 14:50:53,-20.4081,57.7,77.29,78,75,4.61
151,Port Moresby,PG,2021-10-29 14:50:54,-9.4431,147.1797,76.42,94,20,5.75
152,Saskylakh,RU,2021-10-29 14:50:54,71.9167,114.0833,-18.42,100,70,5.61
153,Lompoc,US,2021-10-29 14:50:19,34.6391,-120.4579,68.56,82,1,3.44
154,Necochea,AR,2021-10-29 14:50:55,-38.5473,-58.7368,86.04,37,97,16.49
155,Anahuac,MX,2021-10-29 14:50:55,27.2333,-100.15,70.09,23,0,9.24
156,Vila Franca Do Campo,PT,2021-10-29 14:50:55,37.7167,-25.4333,74.19,92,100,19.91
157,Beisfjord,NO,2021-10-29 14:50:56,68.3751,17.5988,44.04,96,99,2.93
158,Camana,PE,2021-10-29 14:50:56,-16.6228,-72.7111,68.23,75,54,8.61
159,Babu,CN,2021-10-29 14:50:57,24.4167,111.5167,63.64,95,100,5.66
160,Lima,PE,2021-10-29 14:49:45,-12.0432,-77.0282,71.91,74,90,9.22
161,Mount Isa,AU,2021-10-29 14:50:57,-20.7333,139.5,73.17,83,84,0.0
162,New Norfolk,AU,2021-10-29 14:50:58,-42.7826,147.0587,44.1,70,45,3.0
163,Asau,RO,2021-10-29 14:50:58,46.4333,26.4,56.32,67,9,3.29
164,Leningradskiy,RU,2021-10-29 14:50:58,69.3833,178.4167,-11.36,93,21,5.57
165,Viedma,AR,2021-10-29 14:50:59,-40.8135,-62.9967,91.96,25,0,18.88
166,Souillac,MU,2021-10-29 14:50:59,-20.5167,57.5167,77.38,78,75,4.61
167,Tessalit,ML,2021-10-29 14:50:59,20.1986,1.0114,96.6,12,99,8.95
168,Seoul,KR,2021-10-29 14:51:00,37.5683,126.9778,56.64,78,0,3.44
169,Yulara,AU,2021-10-29 14:51:00,-25.2406,130.9889,76.84,15,71,12.66
170,Nileshwar,IN,2021-10-29 14:51:00,12.25,75.1,80.04,83,100,3.38
171,Rio Negrinho,BR,2021-10-29 14:51:01,-26.2544,-49.5183,71.94,73,99,2.37
172,Bronnoysund,NO,2021-10-29 14:51:02,65.4625,12.1997,48.2,93,75,2.3
173,Kruisfontein,ZA,2021-10-29 14:51:02,-34.0033,24.7314,61.88,61,41,21.5
174,Gat,IL,2021-10-29 14:48:01,31.61,34.7642,83.39,46,5,5.79
175,Kalmunai,LK,2021-10-29 14:51:03,7.4167,81.8167,80.91,78,100,5.82
176,Portland,US,2021-10-29 14:49:22,45.5234,-122.6762,52.77,94,90,10.36
177,Rajshahi,BD,2021-10-29 14:51:03,24.3667,88.6,74.57,67,1,6.87
178,Meulaboh,ID,2021-10-29 14:51:04,4.1363,96.1285,78.82,86,94,2.84
179,Akyab,MM,2021-10-29 14:50:01,20.15,92.9,81.63,80,55,9.55
180,Buchanan,LR,2021-10-29 14:51:04,5.8808,-10.0467,76.96,78,84,7.94
181,Avera,US,2021-10-29 14:51:05,33.194,-82.5271,58.71,85,100,11.83
182,Salalah,OM,2021-10-29 14:52:05,17.0151,54.0924,81.97,68,66,15.75
183,Omsukchan,RU,2021-10-29 14:52:05,62.5333,155.8,11.25,92,94,4.63
184,Saint-Augustin,CA,2021-10-29 14:52:06,51.226,-58.6502,48.72,30,0,3.8
185,Huarmey,PE,2021-10-29 14:52:06,-10.0681,-78.1522,69.08,73,100,10.27
186,Raisinghnagar,IN,2021-10-29 14:52:07,29.5358,73.4492,79.07,20,0,7.29
187,Fene,ES,2021-10-29 14:52:07,43.45,-8.15,61.0,81,100,11.3
188,Nicoya,CR,2021-10-29 14:52:07,10.1483,-85.452,80.15,79,68,1.83
189,Smoky Lake,CA,2021-10-29 14:52:08,54.1169,-112.4686,29.16,74,75,1.14
190,Los Llanos De Aridane,ES,2021-10-29 14:52:08,28.6585,-17.9182,71.35,79,20,5.99
191,Sakaraha,MG,2021-10-29 14:52:08,-22.9,44.5333,76.82,23,28,13.73
192,Lodja,CD,2021-10-29 14:52:09,-3.4833,23.4333,78.06,66,96,3.51
193,Sangar,RU,2021-10-29 14:52:09,63.9242,127.4739,11.03,96,100,2.93
194,Manaus,BR,2021-10-29 14:52:09,-3.1019,-60.025,84.7,74,40,3.44
195,Klaksvik,FO,2021-10-29 14:52:10,62.2266,-6.589,49.12,89,43,14.29
196,Sola,VU,2021-10-29 14:52:10,-13.8833,167.55,81.34,77,12,17.05
197,Ko Samui,TH,2021-10-29 14:52:11,9.5357,99.9357,83.68,76,68,9.28
198,Sampit,ID,2021-10-29 14:52:11,-2.5333,112.95,75.02,95,100,0.27
199,Villarrica,PY,2021-10-29 14:52:11,-25.75,-56.4333,91.92,46,0,6.69
200,Nefteyugansk,RU,2021-10-29 14:52:12,61.0998,72.6035,21.45,91,100,24.74
201,Henties Bay,NA,2021-10-29 14:52:12,-22.116,14.2845,64.85,68,0,14.52
202,Narsaq,GL,2021-10-29 14:52:12,60.9167,-46.05,32.11,69,100,2.44
203,Alpena,US,2021-10-29 14:51:30,45.0617,-83.4327,53.19,90,90,3.0
204,Dungarpur,IN,2021-10-29 14:52:13,23.8333,73.7167,73.85,33,63,5.35
205,Gimli,CA,2021-10-29 14:52:13,50.6336,-96.9907,35.62,87,7,4.61
206,Wanning,CN,2021-10-29 14:52:14,18.8003,110.3967,76.23,92,95,9.46
207,Jiangyou,CN,2021-10-29 14:52:14,31.7667,104.7167,59.41,78,15,1.68
208,Leshukonskoye,RU,2021-10-29 14:52:14,64.8989,45.7622,26.6,95,100,9.46
209,Nouadhibou,MR,2021-10-29 14:52:15,20.931,-17.0347,82.38,42,0,12.66
210,Alofi,NU,2021-10-29 14:52:15,-19.0595,-169.9187,73.29,73,100,12.66
211,Hasaki,JP,2021-10-29 14:52:15,35.7333,140.8333,50.4,58,22,15.48
212,Yantal,RU,2021-10-29 14:52:16,56.8471,105.2542,26.56,55,100,5.46
213,Katsuura,JP,2021-10-29 14:52:16,35.1333,140.3,59.14,63,1,11.39
214,Ilulissat,GL,2021-10-29 14:52:17,69.2167,-51.1,18.93,95,99,3.58
215,Taltal,CL,2021-10-29 14:48:11,-25.4,-70.4833,66.87,62,1,5.41
216,Chuy,UY,2021-10-29 14:51:09,-33.6971,-53.4616,75.54,55,0,14.2
217,Ust-Tsilma,RU,2021-10-29 14:52:17,65.441,52.1498,21.7,92,100,6.49
218,Hofn,IS,2021-10-29 14:52:17,64.2539,-15.2082,48.22,87,75,9.22
219,Sayat,TM,2021-10-29 14:52:18,38.7839,63.8803,51.67,38,0,7.07
220,Ipixuna,BR,2021-10-29 14:52:18,-1.7625,-48.8043,82.35,49,99,4.25
221,Marawi,PH,2021-10-29 14:52:19,7.9986,124.2928,67.64,94,86,1.34
222,Kahului,US,2021-10-29 14:52:19,20.8947,-156.47,76.84,87,1,4.61
223,Vardo,NO,2021-10-29 14:52:20,70.3705,31.1107,35.58,87,0,14.97
224,Buala,SB,2021-10-29 14:52:20,-8.145,159.5921,80.85,83,64,9.66
225,Pascagoula,US,2021-10-29 14:49:34,30.3658,-88.5561,64.04,57,1,9.22
226,Fortuna,US,2021-10-29 14:52:21,40.5982,-124.1573,57.47,76,90,4.61
227,Poya,NC,2021-10-29 14:48:11,-21.35,165.15,70.27,80,47,5.17
228,Tiksi,RU,2021-10-29 14:53:21,71.6872,128.8694,9.3,93,100,7.27
229,Eirunepe,BR,2021-10-29 14:48:41,-6.6603,-69.8736,91.33,48,77,0.83
230,Fatehpur,IN,2021-10-29 14:53:22,25.9333,80.8,72.52,41,0,3.09
231,Henderson,US,2021-10-29 14:48:58,36.0397,-114.9819,67.24,46,1,5.75
232,Katobu,ID,2021-10-29 14:53:22,-4.9408,122.5276,76.8,90,77,3.53
233,Teeli,RU,2021-10-29 14:53:23,51.0333,90.2333,30.56,78,49,1.19
234,Buraydah,SA,2021-10-29 14:53:23,26.326,43.975,91.85,14,3,11.9
235,Caranavi,BO,2021-10-29 14:53:23,-15.8167,-67.55,78.94,59,39,3.44
236,Shimoda,JP,2021-10-29 14:53:24,34.6667,138.95,57.11,65,58,7.45
237,Chokurdakh,RU,2021-10-29 14:53:24,70.6333,147.9167,-12.06,97,100,3.2
238,Troitskoye,RU,2021-10-29 14:53:25,52.9821,84.6757,40.93,66,59,10.16
239,Ciudad Guayana,VE,2021-10-29 14:53:25,8.3533,-62.6528,84.52,74,100,5.26
240,Kuldiga,LV,2021-10-29 14:53:25,56.974,21.9572,53.29,71,36,8.84
241,Maldonado,UY,2021-10-29 14:52:26,-34.6667,-54.9167,76.39,45,0,12.46
242,Mayahi,NE,2021-10-29 14:53:26,13.9553,7.6712,97.88,8,82,14.23
243,Nanortalik,GL,2021-10-29 14:53:26,60.1432,-45.2371,35.69,79,100,4.43
244,Cairns,AU,2021-10-29 14:53:27,-16.9167,145.7667,75.15,89,53,0.0
245,Juba,SS,2021-10-29 14:53:27,4.8517,31.5825,86.18,43,88,1.83
246,Kloulklubed,PW,2021-10-29 14:53:28,7.0419,134.2556,84.63,74,91,12.95
247,Ayr,GB,2021-10-29 14:53:28,55.4627,-4.6339,52.11,87,75,10.36
248,Lazaro Cardenas,MX,2021-10-29 14:48:34,17.9583,-102.2,79.99,78,3,2.55
249,Vao,NC,2021-10-29 14:53:29,-22.6667,167.4833,70.45,73,3,13.56
250,Faanui,PF,2021-10-29 14:53:29,-16.4833,-151.75,78.58,74,96,15.01
251,Roma,US,2021-10-29 14:52:03,43.2128,-75.4557,53.65,78,1,12.66
252,Mar Del Plata,AR,2021-10-29 14:53:30,-38.0023,-57.5575,80.62,44,0,13.8
253,Sibolga,ID,2021-10-29 14:53:30,1.7427,98.7792,78.28,88,97,2.89
254,Plettenberg Bay,ZA,2021-10-29 14:53:30,-34.0527,23.3716,64.74,70,25,4.99
255,Flin Flon,CA,2021-10-29 14:53:31,54.7682,-101.865,31.84,86,75,3.44
256,Bam,IR,2021-10-29 14:53:31,29.106,58.357,70.03,22,63,4.72
257,Oskaloosa,US,2021-10-29 14:48:46,41.2964,-92.6444,50.13,100,90,23.02
258,Svetlaya,RU,2021-10-29 14:53:32,46.5389,138.3297,43.57,64,0,4.36
259,Palmer,US,2021-10-29 14:52:16,42.1584,-72.3287,48.02,73,0,1.01
260,Novooleksiyivka,UA,2021-10-29 14:53:32,46.2269,34.6428,51.71,74,0,6.26
261,Boyuibe,BO,2021-10-29 14:53:33,-20.4167,-63.2833,87.71,22,0,9.57
262,Longyearbyen,SJ,2021-10-29 14:53:33,78.2186,15.6401,26.44,63,75,11.5
263,Bahia Blanca,AR,2021-10-29 14:53:09,-38.7196,-62.2724,94.8,16,1,16.13
264,Colquiri,BO,2021-10-29 14:53:34,-17.4167,-67.1333,50.99,43,33,7.96
265,Poum,NC,2021-10-29 14:53:34,-20.2333,164.0167,74.93,73,16,12.48
266,Pacific Grove,US,2021-10-29 14:49:43,36.6177,-121.9166,64.17,90,1,1.99
267,Sonoita,MX,2021-10-29 14:53:35,31.85,-112.8333,65.53,23,0,3.62
268,Uribia,CO,2021-10-29 14:53:35,11.7139,-72.266,81.57,76,100,12.64
269,Ibbenburen,DE,2021-10-29 14:53:35,52.2667,7.7333,65.12,63,0,10.36
270,Yamada,JP,2021-10-29 14:53:36,39.4667,141.95,47.79,79,2,5.97
271,Tiarei,PF,2021-10-29 14:53:36,-17.5333,-149.3333,68.02,76,73,13.65
272,Oranjemund,NA,2021-10-29 14:53:36,-28.55,16.4333,65.64,71,0,10.74
273,Amapa,BR,2021-10-29 14:53:37,1.0,-52.0,95.05,40,61,2.28
274,Najran,SA,2021-10-29 14:53:37,17.4924,44.1277,81.25,20,0,9.17
275,Taksimo,RU,2021-10-29 14:54:38,56.3444,114.8794,17.47,65,0,2.21
276,Sur,OM,2021-10-29 14:54:38,22.5667,59.5289,79.97,51,0,3.53
277,Farroupilha,BR,2021-10-29 14:54:38,-29.225,-51.3478,81.25,50,0,6.91
278,Charters Towers,AU,2021-10-29 14:54:39,-20.1,146.2667,71.13,79,14,6.31
279,Cabedelo,BR,2021-10-29 14:54:39,-6.9811,-34.8339,86.67,65,70,14.5
280,Kolosovka,RU,2021-10-29 14:54:40,56.4678,73.611,26.06,66,56,13.6
281,Acoyapa,NI,2021-10-29 14:54:40,11.9703,-85.1711,80.69,80,91,4.36
282,Vestmannaeyjar,IS,2021-10-29 14:54:40,63.4427,-20.2734,45.59,93,75,21.85
283,Sahuaripa,MX,2021-10-29 14:54:41,29.05,-109.2333,70.38,28,0,2.13
284,Khotynets,RU,2021-10-29 14:54:41,53.1286,35.3966,45.28,91,11,6.46
285,Murowana Goslina,PL,2021-10-29 14:54:41,52.5746,17.0093,58.91,55,31,8.7
286,Kampong Thum,KH,2021-10-29 14:51:46,12.7111,104.8887,77.83,90,100,3.38
287,Coquimbo,CL,2021-10-29 14:51:45,-29.9533,-71.3436,56.93,88,90,10.36
288,Semnan,IR,2021-10-29 14:54:42,35.5729,53.3971,57.4,34,97,1.88
289,Pangoa,PE,2021-10-29 14:54:42,-12.1167,-73.0,85.3,51,100,2.17
290,Victoria,HK,2021-10-29 14:50:30,22.2855,114.1577,78.33,78,77,3.0
291,Boo,SE,2021-10-29 14:54:43,59.3333,18.2833,48.67,90,75,6.91
292,Ilyich,KZ,2021-10-29 14:54:43,40.8464,68.5067,49.86,59,0,4.52
293,Kamaishi,JP,2021-10-29 14:54:44,39.2667,141.8833,49.69,76,10,6.08
294,Namie,JP,2021-10-29 14:54:44,37.4833,141.0,47.77,82,0,5.57
295,Kaitangata,NZ,2021-10-29 14:54:44,-46.2817,169.8464,51.66,94,74,5.88
296,Cayenne,GF,2021-10-29 14:54:45,4.9333,-52.3333,89.64,74,0,3.0
297,Lucea,JM,2021-10-29 14:54:45,18.451,-78.1736,86.86,66,23,4.18
298,Kathmandu,NP,2021-10-29 14:53:44,27.7167,85.3167,61.02,72,20,3.44
299,Marystown,CA,2021-10-29 14:54:45,47.1666,-55.1483,44.85,100,97,8.01
300,Kutum,SD,2021-10-29 14:54:46,14.2,24.6667,84.7,11,36,9.22
301,Carutapera,BR,2021-10-29 14:54:46,-1.195,-46.02,86.36,64,90,6.31
302,Belyy Yar,RU,2021-10-29 14:54:47,53.6039,91.3903,37.29,75,100,6.71
303,Konde,TZ,2021-10-29 14:54:47,-4.95,39.75,80.35,74,52,10.2
304,Freeport,US,2021-10-29 14:50:37,40.6576,-73.5832,56.32,67,75,7.0
305,Kiunga,PG,2021-10-29 14:54:47,-6.1219,141.2906,72.55,99,100,0.92
306,Derzhavinsk,KZ,2021-10-29 14:54:48,51.1,66.3167,39.36,47,100,16.49
307,Berlevag,NO,2021-10-29 14:54:48,70.8578,29.0864,35.55,93,75,20.71
308,San Luis,AR,2021-10-29 14:53:10,-33.295,-66.3356,89.49,23,1,8.48
309,Korla,CN,2021-10-29 14:54:49,41.7597,86.1469,52.57,37,37,7.49
310,Praia Da Vitoria,PT,2021-10-29 14:54:49,38.7333,-27.0667,75.45,83,40,11.97
311,Lavrentiya,RU,2021-10-29 14:54:49,65.5833,-171.0,15.82,88,100,6.11
312,Port Elizabeth,ZA,2021-10-29 14:54:50,-33.918,25.5701,66.49,72,0,28.77
313,Cabo San Lucas,MX,2021-10-29 14:52:06,22.8909,-109.9124,73.15,70,0,3.87
314,Nizwa,OM,2021-10-29 14:54:50,22.9333,57.5333,81.1,24,0,9.48
315,Miles City,US,2021-10-29 14:54:51,46.4083,-105.8406,52.52,50,47,6.29
316,Piqua,US,2021-10-29 14:54:51,40.1448,-84.2424,57.7,99,100,5.5
317,Mahon,ES,2021-10-29 14:54:51,39.8885,4.2658,70.36,64,20,10.36
318,Sayansk,RU,2021-10-29 14:54:52,54.1088,102.1648,27.14,52,49,5.5
319,Talcahuano,CL,2021-10-29 14:54:52,-36.7167,-73.1167,58.68,77,75,8.05
320,San Rafael,AR,2021-10-29 14:54:52,-34.6177,-68.3301,83.37,35,0,9.46
321,High Level,CA,2021-10-29 14:54:53,58.5169,-117.136,33.91,75,75,4.61
322,Rudbar,AF,2021-10-29 14:54:53,30.15,62.6,70.34,24,2,6.87
323,Esperance,AU,2021-10-29 14:55:53,-33.8667,121.9,49.84,72,32,5.88
324,Furtwangen,DE,2021-10-29 14:55:54,48.05,8.2,57.76,52,71,2.21
325,Hambantota,LK,2021-10-29 14:55:54,6.1241,81.1185,79.14,100,75,2.3
326,Beloha,MG,2021-10-29 14:55:55,-25.1667,45.05,66.06,59,2,16.26
327,Mao,ES,2021-10-29 14:55:55,39.8885,4.2658,70.36,64,20,10.36
328,Canas,CR,2021-10-29 14:55:56,10.4294,-85.0931,80.46,80,83,3.38
329,Whitianga,NZ,2021-10-29 14:55:56,-36.8333,175.7,54.01,92,28,7.14
330,Boundiali,CI,2021-10-29 14:55:56,9.5217,-6.4869,90.81,41,49,5.41
331,Pangkalanbuun,ID,2021-10-29 14:55:57,-2.6833,111.6167,75.94,94,100,1.54
332,Ponta Delgada,PT,2021-10-29 14:55:57,37.7333,-25.6667,74.5,88,75,23.02
333,Casablanca,MA,2021-10-29 14:55:58,33.5928,-7.6192,80.82,53,0,11.01
334,Vilhena,BR,2021-10-29 14:52:51,-12.7406,-60.1458,84.42,58,40,5.75
335,Nakhodka,RU,2021-10-29 14:55:58,42.8333,132.8947,45.03,61,0,3.69
336,Bandarbeyla,SO,2021-10-29 14:55:58,9.4942,50.8122,78.62,72,0,16.49
337,Asyut,EG,2021-10-29 14:55:42,27.181,31.1837,89.78,22,24,9.66
338,Port Lincoln,AU,2021-10-29 14:55:59,-34.7333,135.8667,51.87,67,6,9.15
339,Mani,CO,2021-10-29 14:55:59,4.8172,-72.2886,78.53,82,95,6.8
340,Port Blair,IN,2021-10-29 14:56:00,11.6667,92.75,81.84,81,45,7.58
341,Mogadishu,SO,2021-10-29 14:56:00,2.0371,45.3438,84.07,89,40,11.5
342,Vuktyl,RU,2021-10-29 14:56:00,63.8567,57.3094,15.46,92,12,4.9
343,Chapais,CA,2021-10-29 14:56:01,49.7834,-74.8492,38.98,47,0,5.84
344,Voh,NC,2021-10-29 14:56:01,-20.9667,164.7,69.33,82,39,4.32
345,Puerto Maldonado,PE,2021-10-29 14:56:02,-12.6,-69.1833,82.8,69,0,5.75
346,Kitimat,CA,2021-10-29 14:56:03,54.0524,-128.6534,35.98,31,95,1.41
347,Lodwar,KE,2021-10-29 14:56:03,3.1191,35.5973,92.35,28,47,12.97
348,Klyuchi,RU,2021-10-29 14:56:04,52.2667,79.1667,41.99,34,100,13.91
349,Atambua,ID,2021-10-29 14:56:04,-9.1061,124.8925,77.81,81,96,1.79
350,Urumqi,CN,2021-10-29 14:56:04,43.801,87.6005,47.35,46,94,4.47
351,Stornoway,GB,2021-10-29 14:56:05,58.2093,-6.3865,54.93,87,20,2.3
352,Golden,US,2021-10-29 14:56:05,39.7555,-105.2211,58.1,42,1,0.0
353,Soyo,AO,2021-10-29 14:56:05,-6.1349,12.3689,84.25,72,72,6.44
354,Abeche,TD,2021-10-29 14:56:06,13.8292,20.8324,95.07,11,6,4.9
355,Boguchany,RU,2021-10-29 14:56:06,58.3814,97.4531,33.04,57,100,7.29
356,Teguise,ES,2021-10-29 14:56:06,29.0605,-13.564,70.02,73,20,13.8
357,Carauari,BR,2021-10-29 14:56:07,-4.8828,-66.8958,90.77,52,96,1.41
358,Yenagoa,NG,2021-10-29 14:56:07,4.9247,6.2642,87.13,65,99,5.41
359,Dabola,GN,2021-10-29 14:56:08,10.75,-11.1167,82.99,69,97,4.54
360,Monastyrshchina,RU,2021-10-29 14:56:08,54.3496,31.838,49.69,92,20,7.45
361,Katherine,AU,2021-10-29 14:56:08,-14.4667,132.2667,79.12,73,75,16.11
362,Deputatskiy,RU,2021-10-29 14:56:09,69.3,139.9,7.41,91,100,6.98
363,Gayeri,BF,2021-10-29 14:56:09,12.6497,0.4931,99.7,21,62,9.13
364,Kontagora,NG,2021-10-29 14:56:10,10.3999,5.4695,95.9,17,73,6.38
365,Zavetnoye,RU,2021-10-29 14:56:10,47.1194,43.8903,49.19,70,30,6.33
366,Salo,IT,2021-10-29 14:56:11,45.6086,10.531,63.82,56,95,1.34
367,San Ramon,US,2021-10-29 14:56:11,37.7799,-121.978,61.75,90,68,0.96
368,Harrison,US,2021-10-29 14:56:11,30.4091,-89.0436,64.06,58,59,16.51
369,Williston,US,2021-10-29 14:55:01,48.147,-103.618,50.74,65,31,11.45
370,Bilma,NE,2021-10-29 14:56:12,18.6853,12.9164,95.81,10,7,8.61
371,Tucuman,AR,2021-10-29 14:56:00,-26.8241,-65.2226,87.8,30,0,10.36
372,Wick,GB,2021-10-29 14:57:13,58.4333,-3.0833,50.05,93,90,8.05
373,Roebourne,AU,2021-10-29 14:57:13,-20.7833,117.1333,74.57,60,49,15.61
374,Praia,CV,2021-10-29 14:57:13,14.9215,-23.5087,84.74,61,20,19.57
375,Coahuayana,MX,2021-10-29 14:57:14,18.7333,-103.6833,81.77,77,19,2.59
376,Iqaluit,CA,2021-10-29 14:57:14,63.7506,-68.5145,37.13,86,90,8.99
377,Bintulu,MY,2021-10-29 14:57:14,3.1667,113.0333,79.21,88,20,0.0
378,Vredendal,ZA,2021-10-29 14:57:15,-31.6683,18.5012,69.87,54,0,14.54
379,Vila Velha,BR,2021-10-29 14:57:15,-20.3297,-40.2925,80.55,69,20,11.5
380,Lorengau,PG,2021-10-29 14:57:15,-2.0226,147.2712,81.19,80,9,3.36
381,Hokitika,NZ,2021-10-29 14:57:16,-42.7167,170.9667,51.62,93,18,5.77
382,Krasnyye Tkachi,RU,2021-10-29 14:57:16,57.4926,39.7563,44.42,92,100,13.24
383,Ilhabela,BR,2021-10-29 14:57:16,-23.7781,-45.3581,73.09,89,77,7.34
384,Nome,US,2021-10-29 14:57:17,64.5011,-165.4064,21.16,75,100,14.14
385,Thanh Hoa,VN,2021-10-29 14:57:17,19.8,105.7667,70.84,96,100,7.31
386,Talnakh,RU,2021-10-29 14:57:17,69.4865,88.3972,12.45,95,100,8.16
387,Noumea,NC,2021-10-29 14:54:53,-22.2763,166.4572,64.38,81,1,8.23
388,Dingle,PH,2021-10-29 14:57:18,10.9995,122.6711,76.24,91,93,6.89
389,Buarcos,PT,2021-10-29 14:57:19,40.166,-8.8768,63.55,94,100,13.73
390,Napier,NZ,2021-10-29 14:57:19,-39.4833,176.9167,53.28,87,40,3.0
391,Ishigaki,JP,2021-10-29 14:57:19,24.3448,124.1572,75.2,69,77,9.35
392,Rio Gallegos,AR,2021-10-29 14:57:20,-51.6226,-69.2181,62.65,31,20,17.27
393,Pasighat,IN,2021-10-29 14:57:20,28.0667,95.3333,68.22,66,0,4.25
394,Itaituba,BR,2021-10-29 14:55:04,-4.2761,-55.9836,87.96,70,40,3.44
395,Turhal,TR,2021-10-29 14:55:19,40.3875,36.0811,53.58,69,79,5.99
396,Moctezuma,MX,2021-10-29 14:57:21,29.8,-109.6667,67.95,22,0,4.12
397,Darnah,LY,2021-10-29 14:55:07,32.767,22.6367,71.31,71,98,7.49
398,Thompson,CA,2021-10-29 14:57:21,55.7435,-97.8558,32.16,100,40,4.61
399,Sitrah,BH,2021-10-29 14:57:22,26.1547,50.6206,86.36,69,0,1.99
400,San Quintin,MX,2021-10-29 14:57:22,30.4833,-115.95,69.4,47,0,2.57
401,Fernie,CA,2021-10-29 14:57:22,49.5,-115.0687,39.88,100,100,1.45
402,Gwanda,ZW,2021-10-29 14:57:23,-20.9333,29.0,85.15,27,20,6.58
403,Ossora,RU,2021-10-29 14:57:23,59.2353,163.0719,23.41,87,99,9.1
404,Quatre Cocos,MU,2021-10-29 14:57:24,-20.2078,57.7625,77.11,76,88,13.35
405,Skelleftea,SE,2021-10-29 14:57:24,64.7507,20.9528,43.16,69,0,4.61
406,Anda,CN,2021-10-29 14:57:24,46.4,125.3167,47.53,46,100,7.81
407,Lendava,SI,2021-10-29 14:57:25,46.5649,16.4509,55.96,59,47,4.03
408,Kucevo,RS,2021-10-29 14:57:25,44.4775,21.67,60.93,48,3,18.03
409,Port Hedland,AU,2021-10-29 14:57:25,-20.3167,118.5667,75.25,69,98,10.36
410,Charleville-Mezieres,FR,2021-10-29 14:57:26,49.7667,4.7167,63.0,73,97,12.01
411,Healesville,AU,2021-10-29 14:57:26,-37.65,145.5167,48.96,93,37,0.18
412,Graham,US,2021-10-29 14:57:27,47.0529,-122.2943,48.02,96,90,0.0
413,Sao Filipe,CV,2021-10-29 14:57:27,14.8961,-24.4956,80.15,70,100,8.86
414,La Ronge,CA,2021-10-29 14:57:27,55.1001,-105.2842,35.85,64,75,4.61
415,Kirakira,SB,2021-10-29 14:57:28,-10.4544,161.9205,79.65,86,97,9.91
416,Karratha,AU,2021-10-29 14:57:28,-20.7377,116.8463,74.86,61,13,16.44
417,Tamworth,GB,2021-10-29 14:54:55,52.634,-1.6959,56.62,78,82,7.0
418,Mitsamiouli,KM,2021-10-29 14:58:29,-11.3847,43.2844,82.69,65,20,16.11
419,Waingapu,ID,2021-10-29 14:58:29,-9.6567,120.2641,82.29,78,100,6.35
420,Ixtapa,MX,2021-10-29 14:58:29,20.7,-105.2,80.22,83,1,0.76
421,Olafsvik,IS,2021-10-29 14:58:30,64.8945,-23.7142,39.4,87,99,39.64
422,Caravelas,BR,2021-10-29 14:58:30,-17.7125,-39.2481,82.18,57,75,9.73
423,Pengcheng,CN,2021-10-29 14:58:30,36.4311,114.17,60.48,51,0,5.21
424,Archidona,ES,2021-10-29 14:58:31,37.0965,-4.3887,69.62,42,99,8.08
425,Maningrida,AU,2021-10-29 14:58:31,-12.0667,134.2667,78.64,78,32,3.24
426,Broken Hill,AU,2021-10-29 14:58:32,-31.95,141.4333,56.91,41,0,14.97
427,Kaeo,NZ,2021-10-29 14:58:32,-35.1,173.7833,53.33,93,95,4.92
428,Alta Floresta,BR,2021-10-29 14:58:32,-9.8756,-56.0861,89.42,66,0,4.61
429,Spokane,US,2021-10-29 14:58:33,47.6166,-117.3677,54.86,94,90,1.01
430,Shache,CN,2021-10-29 14:58:33,38.4167,77.2406,51.1,28,25,3.47
431,Altay,CN,2021-10-29 14:58:33,47.8667,88.1167,37.09,57,5,7.02
432,Kindu,CD,2021-10-29 14:58:34,-2.95,25.95,77.05,83,95,0.87
433,Petropavlovsk-Kamchatskiy,RU,2021-10-29 14:58:34,53.0452,158.6483,28.99,93,0,8.95
434,Tommot,RU,2021-10-29 14:58:34,58.9564,126.2925,20.25,79,98,10.36
435,Rocha,UY,2021-10-29 14:56:26,-34.4833,-54.3333,79.03,46,0,13.04
436,Burns Lake,CA,2021-10-29 14:58:35,54.2331,-125.7533,24.22,94,6,2.42
437,Dauriya,RU,2021-10-29 14:58:35,49.9333,116.8667,31.24,60,100,13.09
438,Richards Bay,ZA,2021-10-29 14:58:36,-28.783,32.0377,73.13,68,20,19.35
439,Porto Novo,BJ,2021-10-29 14:58:36,6.4965,2.6036,87.62,69,85,9.98
440,Nieuw Nickerie,SR,2021-10-29 14:58:36,5.95,-56.9833,81.95,79,27,7.61
441,Conceicao Do Araguaia,BR,2021-10-29 14:58:37,-8.2578,-49.2647,99.07,27,4,4.07
442,Lagoa,PT,2021-10-29 14:58:37,39.05,-27.9833,68.59,90,93,14.16
443,Buckingham,GB,2021-10-29 14:58:37,51.9997,-0.9878,57.27,87,64,3.0
444,Labuhan,ID,2021-10-29 14:58:38,-6.8844,112.2051,82.49,76,100,4.03
445,Khorixas,NA,2021-10-29 14:58:38,-20.3667,14.9667,95.88,17,4,18.03
446,Port Keats,AU,2021-10-29 14:58:39,-14.25,129.55,83.03,74,46,2.57
447,Shumerlya,RU,2021-10-29 14:58:39,55.5005,46.4129,32.94,63,100,5.44
448,Nampula,MZ,2021-10-29 14:55:07,-15.1165,39.2666,84.15,37,40,10.36
449,Tawang,IN,2021-10-29 14:58:40,27.5833,91.8667,41.27,79,37,4.25
450,Port-Cartier,CA,2021-10-29 14:58:40,50.0334,-66.8654,46.62,39,0,1.92
451,Saldanha,ZA,2021-10-29 14:58:40,-33.0117,17.9442,69.85,74,0,9.04
452,Santiago,CL,2021-10-29 14:58:14,-33.4569,-70.6483,78.24,29,0,4.61
453,Itarema,BR,2021-10-29 14:58:41,-2.9248,-39.9167,91.08,47,89,12.57
454,Anori,BR,2021-10-29 14:58:41,-3.7728,-61.6442,95.63,41,16,0.96
455,Beauchamps,FR,2021-10-29 14:58:42,50.012,1.5176,59.61,80,100,17.18
456,Rio Grande,BR,2021-10-29 14:55:50,-32.035,-52.0986,77.11,65,10,17.63
457,Touros,BR,2021-10-29 14:58:42,-5.1989,-35.4608,90.5,53,78,18.45
458,Brae,GB,2021-10-29 14:58:43,60.3964,-1.353,51.71,97,100,12.53
459,Namatanai,PG,2021-10-29 14:58:43,-3.6667,152.4333,80.56,80,35,8.12
460,Bairiki,KI,2021-10-29 14:58:43,1.3292,172.9752,82.4,74,20,8.05
461,Samarai,PG,2021-10-29 14:58:44,-10.6167,150.6667,82.51,82,61,9.73
462,Aksarka,RU,2021-10-29 14:58:44,66.5606,67.7975,17.17,78,100,15.73
463,Randazzo,IT,2021-10-29 14:58:44,37.8774,14.9501,58.28,96,100,10.89
464,Pechora,RU,2021-10-29 14:59:45,65.1472,57.2244,14.54,95,10,4.12
465,Conakry,GN,2021-10-29 14:57:09,9.538,-13.6773,86.07,66,75,11.5
466,Chongwe,ZM,2021-10-29 14:59:45,-15.3292,28.682,88.34,22,9,8.48
467,Eganville,CA,2021-10-29 14:59:46,45.5334,-77.0994,43.93,72,31,6.33
468,Yatou,CN,2021-10-29 14:59:46,37.15,122.3833,57.04,69,93,5.5
469,Atasu,KZ,2021-10-29 14:59:47,48.6814,71.6433,37.71,34,95,9.51
470,Jiexiu,CN,2021-10-29 14:59:47,37.0244,111.9125,53.89,53,0,6.04
471,Fairbanks,US,2021-10-29 14:59:47,64.8378,-147.7164,19.31,91,90,4.61
472,Brus Laguna,HN,2021-10-29 14:59:48,15.75,-84.4833,87.12,64,100,1.45
473,Hobara,JP,2021-10-29 14:59:48,37.8167,140.55,47.35,81,0,2.59
474,Kavaratti,IN,2021-10-29 14:59:49,10.5669,72.642,82.47,74,100,5.59
475,Bozdar,PK,2021-10-29 14:59:49,27.1828,68.636,77.07,14,0,6.42
476,Schermbeck,DE,2021-10-29 14:59:13,51.6833,6.8667,66.61,65,28,15.03
477,Santa Marta,CO,2021-10-29 14:59:50,11.2408,-74.199,77.34,71,99,10.78
478,Otane,NZ,2021-10-29 14:59:50,-39.8833,176.6333,56.39,95,74,2.64
479,Deer Lake,CA,2021-10-29 14:59:50,49.1667,-57.4316,42.66,65,20,9.22
480,Emerald,AU,2021-10-29 14:59:51,-23.5333,148.1667,78.94,41,90,5.75
481,Ponta Do Sol,PT,2021-10-29 14:59:51,32.6667,-17.1,77.13,59,96,9.84
482,Sulina,RO,2021-10-29 14:59:51,45.1559,29.6536,55.62,72,0,6.38
483,Ventspils,LV,2021-10-29 14:59:52,57.3894,21.5606,53.53,76,0,11.5
484,Ammon,US,2021-10-29 14:59:52,43.4696,-111.9666,40.33,92,9,3.8
485,Murmashi,RU,2021-10-29 14:59:52,68.8154,32.8115,37.81,100,75,2.24
486,Doha,QA,2021-10-29 14:58:01,25.2867,51.5333,85.98,66,0,9.22
487,Kagoro,NG,2021-10-29 14:59:53,9.6,8.3833,87.6,32,60,2.55
488,Nantucket,US,2021-10-29 14:58:48,41.2835,-70.0995,54.09,77,58,14.56
489,Nsanje,MW,2021-10-29 14:59:53,-16.92,35.262,88.63,24,4,7.52
490,Juneau,US,2021-10-29 14:59:48,58.3019,-134.4197,40.21,98,100,5.01
491,Lungi,SL,2021-10-29 14:59:54,9.2212,-12.6831,86.09,66,100,4.03
492,Neiafu,TO,2021-10-29 14:59:54,-18.65,-173.9833,75.88,88,75,6.91
493,Werda,BW,2021-10-29 14:59:55,-25.2667,23.2833,73.78,60,64,7.94
494,Chimore,BO,2021-10-29 14:59:55,-16.9833,-65.1333,92.08,43,72,4.16
495,Sterling,US,2021-10-29 14:58:39,39.0062,-77.4286,59.23,97,90,3.0
496,Show Low,US,2021-10-29 14:59:56,34.2542,-110.0298,61.14,70,1,0.0
497,Pundaguitan,PH,2021-10-29 14:59:56,6.3711,126.1689,83.7,71,29,11.56
498,Miyako,JP,2021-10-29 14:59:56,39.6367,141.9525,47.79,79,1,6.73
499,Wageningen,NL,2021-10-29 14:59:57,51.9667,5.6667,65.25,69,20,13.8
500,Camacha,PT,2021-10-29 14:59:57,33.0833,-16.3333,72.36,73,20,12.66
501,Toro,CO,2021-10-29 14:59:58,4.6117,-76.0814,72.28,93,100,0.36
502,Vizinga,RU,2021-10-29 14:59:58,61.0749,50.1031,28.15,70,100,10.71
503,Oneonta,US,2021-10-29 14:59:58,42.4529,-75.0638,51.37,79,5,1.99
504,Sisimiut,GL,2021-10-29 14:59:59,66.9395,-53.6735,31.55,97,100,6.62
505,Kasangulu,CD,2021-10-29 14:59:59,-4.5911,15.1708,79.74,82,100,4.25
506,Wetter,DE,2021-10-29 15:00:00,50.9,8.7167,58.89,67,100,5.26
507,Gorontalo,ID,2021-10-29 15:01:00,0.5412,123.0595,75.79,94,96,2.73
508,Sucha Beskidzka,PL,2021-10-29 15:01:00,49.7419,19.5943,59.61,41,14,3.44
509,Vostok,RU,2021-10-29 15:01:01,46.4856,135.8833,31.71,75,0,3.24
510,Bardiyah,LY,2021-10-29 15:01:02,31.7561,25.0865,73.17,72,98,8.59
511,Tazmalt,DZ,2021-10-29 15:01:03,36.3868,4.3989,74.35,35,33,5.12
512,Gillette,US,2021-10-29 14:56:49,44.2911,-105.5022,49.24,66,7,1.01
513,Churapcha,RU,2021-10-29 15:01:04,62.0025,132.4325,17.17,96,100,6.6
514,Dudinka,RU,2021-10-29 15:01:04,69.4058,86.1778,15.46,93,100,15.66
515,Nebyliv,UA,2021-10-29 15:01:05,48.8153,24.2166,62.1,63,62,4.85
516,Galle,LK,2021-10-29 15:01:05,6.0367,80.217,77.76,92,100,7.34
517,Aiken,US,2021-10-29 15:00:30,33.5835,-81.5998,61.45,91,90,13.8
518,Mumford,GH,2021-10-29 15:01:05,5.2618,-0.759,82.29,76,70,11.81
519,Kapit,MY,2021-10-29 15:01:06,2.0167,112.9333,74.12,100,100,1.01
520,Rudnya,RU,2021-10-29 15:01:06,54.947,31.0934,49.23,90,12,7.94
521,Coihaique,CL,2021-10-29 15:01:07,-45.5752,-72.0662,47.97,96,100,6.06
522,Wahiawa,US,2021-10-29 15:01:07,21.5028,-158.0236,71.47,87,41,3.42
523,Luwuk,ID,2021-10-29 15:01:07,-0.9516,122.7875,78.44,87,100,1.63
524,Saint-Louis,SN,2021-10-29 15:01:08,16.3333,-15.0,97.36,22,100,14.16
525,Ozernovskiy,RU,2021-10-29 15:01:08,51.5,156.5167,43.23,87,100,4.74
526,Altagracia De Orituco,VE,2021-10-29 15:01:08,9.8601,-66.3814,79.63,80,72,3.65
527,Ancud,CL,2021-10-29 15:01:09,-41.8697,-73.8203,56.17,74,83,8.34
528,Comodoro Rivadavia,AR,2021-10-29 15:00:02,-45.8667,-67.5,69.66,35,0,17.27
529,Port-Gentil,GA,2021-10-29 15:01:10,-0.7193,8.7815,80.49,79,42,8.5
530,Boyolangu,ID,2021-10-29 15:01:10,-8.1181,111.8935,76.84,93,100,3.53
531,Krasnyy Yar,RU,2021-10-29 15:01:10,46.5331,48.3456,51.73,61,100,6.76
532,Chernyshevskiy,RU,2021-10-29 15:01:11,63.0128,112.4714,4.39,97,20,3.24
533,Saint George,US,2021-10-29 15:00:23,37.1041,-113.5841,66.67,76,1,0.0
534,Roseburg,US,2021-10-29 15:01:11,43.2165,-123.3417,63.09,93,90,0.0
535,Salinas,US,2021-10-29 15:01:12,36.6777,-121.6555,64.58,88,1,4.61
536,Kosh-Agach,RU,2021-10-29 15:01:12,50.0,88.6667,23.74,68,64,2.86
537,Saint Anthony,US,2021-10-29 15:01:13,45.0205,-93.218,49.84,83,1,1.99
538,Husavik,IS,2021-10-29 15:01:13,66.0449,-17.3389,40.5,99,100,8.99
539,Saint-Pierre,RE,2021-10-29 15:01:14,-21.3393,55.4781,74.84,76,90,4.61
540,Saint-Michel-Des-Saints,CA,2021-10-29 15:01:14,46.6834,-73.9159,37.94,53,0,8.21
541,Santarem,BR,2021-10-29 15:01:15,-2.4431,-54.7083,92.86,44,48,3.89
542,Ketchikan,US,2021-10-29 15:01:15,55.3422,-131.6461,37.87,93,75,0.0
543,Ayios Thomas,GR,2021-10-29 15:01:15,38.2814,23.5882,61.54,60,99,8.01
544,Lianran,CN,2021-10-29 15:01:16,24.9227,102.485,59.11,90,95,3.6
545,Tonantins,BR,2021-10-29 15:01:16,-2.8731,-67.8022,82.72,79,97,2.06
546,Betioky,MG,2021-10-29 15:01:16,-23.7167,44.3833,74.39,31,59,14.72
547,Hammerfest,NO,2021-10-29 15:01:17,70.6634,23.6821,37.85,81,75,23.02
548,Tornio,FI,2021-10-29 15:01:17,65.8481,24.1466,33.82,94,93,4.32
549,Portoferraio,IT,2021-10-29 15:01:17,42.8115,10.3146,70.09,63,95,2.35
550,Hue,VN,2021-10-29 15:01:18,16.4667,107.6,75.31,100,75,3.44
551,Yelets,RU,2021-10-29 15:01:18,52.6237,38.5017,44.42,71,18,5.84
552,Jining,CN,2021-10-29 14:59:15,35.405,116.5814,58.59,71,21,6.38
553,Leh,IN,2021-10-29 15:02:19,34.1667,77.5833,29.12,53,3,3.22
554,Nanzhang,CN,2021-10-29 15:02:19,31.7765,111.8386,60.13,75,1,3.83
555,Kishi,NG,2021-10-29 15:02:20,9.0833,3.85,92.75,31,59,7.74
556,Uyutne,UA,2021-10-29 15:02:20,45.1994,33.3014,56.82,65,2,10.71
557,Kansanshi,ZM,2021-10-29 15:02:20,-12.0951,26.4273,80.89,30,100,4.85
558,Severo-Yeniseyskiy,RU,2021-10-29 15:02:21,60.3725,93.0408,27.91,79,100,12.01
559,Illapel,CL,2021-10-29 15:02:21,-31.6308,-71.1653,79.14,36,59,7.27
560,Winnemucca,US,2021-10-29 15:02:22,40.973,-117.7357,42.85,87,1,5.75
561,Soubre,CI,2021-10-29 15:02:22,5.7856,-6.6083,83.05,78,98,2.91
562,Manacapuru,BR,2021-10-29 15:02:22,-3.2997,-60.6206,86.58,55,14,1.43
563,Warrnambool,AU,2021-10-29 15:02:23,-38.3833,142.4833,47.28,66,72,10.11
564,Erdenet,MN,2021-10-29 15:02:23,49.0333,104.0833,27.72,59,21,2.3
565,Lambarene,GA,2021-10-29 15:02:23,-0.7001,10.2406,84.76,68,87,2.48
566,Santa Barbara,US,2021-10-29 15:02:24,34.7333,-120.0343,69.82,37,5,4.9
567,Pangai,TO,2021-10-29 15:02:24,-19.8,-174.35,76.19,79,100,15.26
568,Son La,VN,2021-10-29 14:59:31,21.3167,103.9,65.93,97,97,2.75
569,Carnduff,CA,2021-10-29 15:02:25,49.1667,-101.8009,41.38,50,100,14.52
570,Fulton,US,2021-10-29 15:02:25,33.7668,-84.4499,53.6,90,90,1.01
571,College,US,2021-10-29 15:02:25,64.8569,-147.8028,17.1,91,90,4.61
572,Bereda,ES,2021-10-29 15:02:26,43.2686,-7.5406,59.41,86,100,7.7
573,Sao Miguel Do Araguaia,BR,2021-10-29 15:02:26,-13.275,-50.1628,96.17,28,91,5.91
574,Labuan,MY,2021-10-29 15:02:26,5.2767,115.2417,80.76,74,100,3.78
575,Belomorsk,RU,2021-10-29 15:02:27,64.5232,34.7668,45.16,99,100,8.61
576,Kilindoni,TZ,2021-10-29 15:02:27,-7.9139,39.6668,79.86,74,9,13.18
577,Jutai,BR,2021-10-29 15:02:27,-5.1833,-68.9,89.91,53,87,1.05
578,Bensonville,LR,2021-10-29 15:02:28,6.4461,-10.6125,78.35,81,99,5.44
579,Eyl,SO,2021-10-29 15:02:28,7.9803,49.8164,79.34,68,8,16.93
580,Anadyr,RU,2021-10-29 15:02:28,64.75,177.4833,-13.72,97,36,5.57
581,Thung Song,TH,2021-10-29 15:02:29,8.1645,99.6804,77.02,94,75,3.4
582,Ahipara,NZ,2021-10-29 15:02:29,-35.1667,173.1667,57.72,94,62,4.9
583,Ouadda,CF,2021-10-29 15:02:29,8.0777,22.4007,85.71,53,75,2.59
584,Changtu,CN,2021-10-29 15:02:30,42.7788,124.0955,48.81,56,79,6.44
585,Ryotsu,JP,2021-10-29 15:02:30,38.0833,138.4333,55.44,66,69,3.83
586,Ramnagar,IN,2021-10-29 15:02:31,29.4,79.1167,65.37,74,0,4.21
